Filename,Label,Contrast0,Contrast45,Contrast90,Contrast135,Homogeneity0,Homogeneity45,Homogeneity90,Homogeneity135,Dissimilarity0,Dissimilarity45,Dissimilarity90,Dissimilarity135,Entropy0,Entropy45,Entropy90,Entropy135,ASM0,ASM45,ASM90,ASM135,Energy0,Energy45,Energy90,Energy135,Correlation0,Correlation45,Correlation90,Correlation135
Agaricus augustus_1.jpg,Agaricus,41.482400886802296,68.52801055929639,31.908275704592903,73.39421264305854,0.3412878478812481,0.2732926476954952,0.36206595634211824,0.2860976424504495,3.9038797600417317,5.214253743290175,3.452736821503132,5.170154305559639,7.760978319453985,8.049540571434814,7.643669878117168,8.021976562343022,0.0012656986778206093,0.0009195331482519317,0.0013864343567797663,0.0009827665091490174,0.035576659171718324,0.030323804976485583,0.03723485405879505,0.03134910699125284,0.994904141497635,0.9915763622976326,0.9960793179278138,0.9909781916409213
Agaricus augustus_126.jpg,Agaricus,56.377223526343236,126.67924503644458,74.90196698851776,123.14882335068168,0.23800585831424878,0.1669422757925933,0.20846476263167127,0.1708698563411673,5.027953834115806,7.685880534891091,5.8824341075156585,7.537367559567565,8.47378397597273,8.889550651387433,8.629871510941317,8.86536380550567,0.0003553438961013517,0.00023036947982284662,0.00029924054252032666,0.00023604591378598573,0.018850567527301444,0.015177927388904146,0.017298570534016,0.015363785789511182,0.9874883700671016,0.971862015671986,0.9833806476168268,0.9726462462593101
Agaricus augustus_127.jpg,Agaricus,19.302432185706834,54.02826376024647,36.02867954070982,52.91195794577253,0.3443010178619166,0.21559732640114532,0.2495178112769666,0.2217986166490039,3.0135432968179447,5.261420996402913,4.296235647181629,5.169432274463295,7.896930517720655,8.435231755154561,8.237325185342739,8.42484640147577,0.0006193315677357875,0.000341655652787147,0.0004145207979665798,0.00034632382591173565,0.024886373133419574,0.01848392958185967,0.020359783838896223,0.01860977769646203,0.9962337110935808,0.9894593710112725,0.9929715924184255,0.9896771394870993
Agaricus augustus_166.jpg,Agaricus,48.28677295253,79.24451697426498,40.29474164926931,92.30356670293158,0.24618825742204128,0.19375126645691176,0.26679914183557485,0.19744740432331787,4.651190010432968,6.063117279412966,4.17464770354906,6.313178537707339,8.495407084913037,8.755880856911068,8.381439638333497,8.779777505157597,0.00031201469091141255,0.0002372153146871999,0.0003550760602841525,0.00023881657501247311,0.01766393758230063,0.015401795826695012,0.018843462003680547,0.015453691307013774,0.9936424058325298,0.9895620590250618,0.9946951454663833,0.987841927778515
Agaricus augustus_178.jpg,Agaricus,19.06216418883672,42.46520365524158,22.67944611169102,38.32509041724249,0.43707877507041126,0.35724772061908305,0.42544997297425186,0.35974687365080144,2.5047111371935316,3.725105445944047,2.7110484081419624,3.579470793678797,6.982288500043849,7.331184738722183,7.045863354388608,7.304278788573517,0.007934305007664857,0.006319617833330702,0.007774600727539297,0.006271204095915965,0.08907471587192888,0.07949602400957359,0.08817369634726276,0.07919093443012253,0.9980072556045111,0.9955636553903326,0.997629653629887,0.9959961744863536
Agaricus augustus_204.jpg,Agaricus,23.965724439227962,70.53705718420942,47.1584746868476,67.2300371470297,0.38150873870880453,0.26882851066822117,0.3091890045597712,0.27544659726434606,3.0547306990088687,5.302939417997198,4.356641440501043,5.211989636730147,7.481200702811918,7.998237680868104,7.798845671788072,7.9664798577244245,0.002080340810974155,0.0012914267954402716,0.0016197794728121146,0.0013741324703052124,0.04561075323839933,0.03593642713793723,0.040246483980741904,0.03706929282175764,0.9967337270721499,0.9903931844689493,0.9935724896150554,0.9908435733227515
Agaricus augustus_211.jpg,Agaricus,40.28334963484612,79.99406366288662,45.801131915448856,85.45923791414691,0.31070473211567506,0.2389896768507636,0.2871534385135197,0.22587780502206667,3.9753749347939493,5.598736935647753,4.249905401878914,5.892587256314505,8.27515613006197,8.617555141785392,8.359913088049678,8.675468624808737,0.00046109141940239547,0.00031741347982003213,0.00039614726363817386,0.0002905460575479789,0.021473039361077775,0.017816101700990374,0.019903448536325908,0.017045411627413957,0.9935842677205046,0.9872522041791968,0.9927040009888066,0.9863813190224824
Agaricus augustus_239.jpg,Agaricus,64.35200834637455,120.45553301250322,61.92400508872651,121.63407398695117,0.17104634755356957,0.12704540793478764,0.1698660599892879,0.12742470797009633,6.027256129368805,8.311100656362205,5.922432802713987,8.306961229217102,8.720159529719638,9.029730339469484,8.704753376372285,9.03295342981465,0.00020421084487177708,0.0001488737083575644,0.0002069565173736794,0.00014884867248719856,0.014290235997763545,0.012201381411855151,0.014385983364847862,0.012200355424625896,0.9887134008602592,0.9788134985653283,0.9891361785253409,0.9786061832005623
Agaricus augustus_290.jpg,Agaricus,57.1467853416797,108.64163734436309,61.60520942066806,116.41759207530032,0.2028599584228463,0.14940101437326092,0.19197542916240787,0.15055444067298024,5.423467657798644,7.540543189547864,5.665823982254697,7.739274897821165,8.478401018241936,8.801529040650774,8.528114779965149,8.819760205326428,0.0003491441659020177,0.0002471821581901412,0.00032352403334353925,0.00024626942966443405,0.01868539980578467,0.01572202780146827,0.01798677384478771,0.015692973894849697,0.9908783957344761,0.9826406435346142,0.9901657014079771,0.9813981153635603
Agaricus augustus_317.jpg,Agaricus,47.541650365153885,92.0497090639406,53.09476122129437,100.51118821488429,0.24146338204682027,0.18439368595461533,0.23335608298607613,0.1770871795374419,4.72219940010433,6.66425227309111,5.031850208768268,6.945929345500048,8.466989068495966,8.79339556484252,8.521744810355763,8.83673227023552,0.0003280697251587055,0.00023515159791275402,0.00031227295467741443,0.00022589441005821875,0.018112695137905498,0.015334653498294444,0.017671246551316477,0.015029784098855803,0.9933011118242201,0.9870298712044057,0.9925175786677415,0.9858375916703204
Agaricus augustus_327.jpg,Agaricus,54.934047339593114,107.07658430284793,58.61135503653445,109.05492336995763,0.26477582824095547,0.20499109587112102,0.2528656913166928,0.19841620791742892,4.951894235785081,6.988457303785599,5.122308846555324,7.066188361904203,8.500343914162212,8.83458566083132,8.541795020858736,8.856430940478752,0.0004994851757767378,0.0003565865367234534,0.00046892355998859726,0.0003405753424389102,0.022349164990592776,0.01888349905932302,0.021654642919905126,0.018454683482490568,0.9928400532687136,0.9860433011088297,0.9923589078511179,0.9857854450613736
Agaricus augustus_330.jpg,Agaricus,32.59951095461659,82.27470506173202,59.57891114300626,95.49144834210551,0.30343562317306955,0.2025119982433273,0.21594162143247211,0.18125730608205062,3.8249413145539903,6.306709661821543,5.517787708768267,6.939169696910294,8.114318741956865,8.593013236714391,8.463627180788189,8.690254920663088,0.0005766787010012412,0.00036710612805370584,0.0004031511609414975,0.0003149244414474059,0.024014135441469492,0.01916001378010219,0.02007862447832265,0.017746110600562758,0.995186287587947,0.9878564714507129,0.9912019232954509,0.9859057184483622
Agaricus augustus_334.jpg,Agaricus,56.66497456964006,133.57998372979702,87.07217184237996,145.08898624873808,0.2882093093848616,0.21470018020574344,0.25278578528755147,0.2028390789506213,4.686420839853938,7.466353677621282,6.098541884133612,7.847380268621706,8.376062071631887,8.804018271158691,8.59929416973356,8.86177804778122,0.0006146069192923243,0.0004509745432429662,0.0005730876924020638,0.00041748189103121787,0.02479126699651158,0.021236161217201337,0.0239392500384215,0.020432373602477464,0.9929155549353599,0.9833135369033609,0.9891157246929785,0.9818758654632038
Agaricus augustus_35.jpg,Agaricus,32.26369327073552,73.61059000722031,47.23401291753653,77.79830502383356,0.35495401208817223,0.27175586450289946,0.3166428315048447,0.2689943086289326,3.5722352634324466,5.450658485825647,4.331820850730689,5.581747968674959,8.039618807154447,8.450692167451384,8.23055244534835,8.471913734007188,0.001062274463851153,0.0006710703820766257,0.0008173632091913746,0.0006720197544492592,0.0325925522758061,0.025905026193320586,0.028589564690484088,0.02592334381304347,0.9963045462800552,0.9915689774393369,0.9945911733423093,0.9910893392245901
Agaricus augustus_39.jpg,Agaricus,57.49290232133542,91.10914757858214,45.9745628914405,106.77620956544183,0.2733890088022352,0.2289492454489121,0.2992498208491421,0.21932917621815726,4.89093309859155,6.077289998399117,4.22544363256785,6.5826333552229634,8.197786595925677,8.403427521636031,8.046663306196706,8.481741547847829,0.0008733136437930508,0.0007144934954574241,0.0010448548121695092,0.0006546010329654883,0.029551880545796924,0.026730011138370743,0.03232421402245551,0.025585172130855174,0.9927458310795155,0.9885076859071612,0.9941994882360429,0.9865314908908223
Agaricus augustus_52.jpg,Agaricus,56.59667123109024,127.61999274701793,81.19730232254699,135.5120147934697,0.28980054542405714,0.19815271809559554,0.23782596712577359,0.19475570495179872,4.955350156494522,7.650585956005109,5.990125913361171,7.934288636014649,8.469788615594329,8.896063320204242,8.661042359027196,8.925397555410346,0.0009172487293153617,0.0006554705371223842,0.0007576311733854649,0.0006488025204479368,0.03028611446381595,0.025602158837144656,0.027525100787925645,0.025471602235586532,0.9934325793294435,0.9852087134829048,0.9905937877928501,0.984294026337161
Agaricus augustus_53.jpg,Agaricus,89.301424752217,171.68928159539468,93.19128392484345,174.64294092086735,0.19758694971430626,0.14864371286385109,0.1925650180322638,0.1487766261468883,6.517008998435054,9.068739974059154,6.625841597077246,9.170605166606226,8.63382451194699,8.95544126896175,8.657258471114107,8.962560698672718,0.0002801318454788702,0.00020521079439651582,0.00028032312624249,0.00020160288050846827,0.016737139704228743,0.014325180431551843,0.01674285298993245,0.0141986929154929,0.9781563211798926,0.9579619387144102,0.9771977456418929,0.9572389325230012
Agaricus augustus_61.jpg,Agaricus,35.436508868022955,89.71638553193436,53.96454853862214,82.53643316638406,0.2914178958131722,0.20369280821106395,0.24331733146677736,0.20195868067129702,3.920481220657277,6.28673782430141,4.9373629958246354,6.1727255203687905,8.217203629296037,8.67845059908965,8.449591769883723,8.665394891980654,0.0004365687718305913,0.0002745837341790059,0.00034032166297994377,0.00027034914966670885,0.02089422819418299,0.016570568311889786,0.018447809164774655,0.016442297578705623,0.9929515218193263,0.9821352762493388,0.9892591468690572,0.9835649488183208
Agaricus augustus_76.jpg,Agaricus,29.20349504434012,63.366344203005085,36.08079331941545,62.57235503020442,0.31405175429512183,0.23552306777664303,0.28505165291688056,0.2319889012124074,3.5363132498695875,5.273532169589095,3.970315762004175,5.259545675817839,8.011397483893882,8.399743258147835,8.12565788481357,8.398299121678097,0.0005869533788979749,0.00039503966958908814,0.0005127460046577878,0.00039046455774601065,0.02422712073065999,0.019875604886118264,0.022643895527443766,0.01976017605554188,0.9938634021007945,0.9866856369353243,0.9924186945895705,0.9868524707372122
Agaricus augustus_8.jpg,Agaricus,24.02443270735524,39.78129318709753,21.077511743215034,46.767091064130085,0.3777915066395043,0.3075205113175466,0.39865709438607777,0.31128841051647815,2.6673774126238916,3.570590791326479,2.465964248434238,3.592480421849118,7.6875186119262775,7.972390547714795,7.6068682551340245,7.947034559725266,0.0008582231794960337,0.0006392695911143309,0.0009299714537605122,0.0006673236261149122,0.029295446395234084,0.025283781187044215,0.03049543332632793,0.02583260780708971,0.9946683647407494,0.991166691478669,0.9953220950340111,0.9896155187803528
Agaricus augustus_80.jpg,Agaricus,35.26596896191966,59.688311264011816,31.240158533402926,67.95844237309731,0.253792505396455,0.21185330130593527,0.2807240125785758,0.2020206531819085,4.188908450704226,5.362587027616873,3.789388700417537,5.759586514680754,8.256482136581138,8.49509846609881,8.152703178421,8.559746604552586,0.00040007523760411537,0.00032635901351766856,0.0004692825496345602,0.00030218105534318663,0.02000188085166281,0.01806540930944186,0.02166293031043031,0.017383355698575194,0.9944081658694078,0.9905367196189984,0.995048615028353,0.989225537826105
Agaricus augustus_81.jpg,Agaricus,47.84878064684403,107.91200041818995,63.305959681628394,104.4473423701569,0.2660387230106932,0.199643678048615,0.24293402496808195,0.19983914487943677,4.678775430359938,7.069092821834743,5.388658011482255,6.974320522998814,7.976895070924441,8.359391604256764,8.097521036029622,8.351084305456613,0.0008228416473939756,0.0005797234092399491,0.0007499491407836738,0.0005809702286735714,0.028685216530365876,0.02407744606971323,0.027385199301514562,0.02410332401710543,0.9893232242832838,0.975955107291172,0.9858827479294366,0.9767271046999814
Agaricus augustus_87.jpg,Agaricus,13.72255477308294,22.161842780179104,13.224820589770355,30.47827862559257,0.7326075083149728,0.6732869558571787,0.7256488741936372,0.6609790816333315,1.2588941053729785,1.6835902914587968,1.2736593162839247,1.9574622403873483,5.737864218636561,5.992204461082008,5.765965402819259,6.043011443447841,0.01720356673209211,0.01429780810530869,0.016858065690941518,0.014355212426044123,0.13116236781978324,0.11957344230768256,0.12983861402118216,0.11981323977776463,0.9971504637079317,0.9954009419749443,0.9972541361739066,0.9936751088918667
Agaricus augustus_91.jpg,Agaricus,28.669812858633286,61.498949624445814,37.13737930584551,66.27375760011239,0.378001715009139,0.28865278271080164,0.3435277274595855,0.2796137336569311,3.2038830203442883,4.792064845580091,3.6768234603340293,5.018965567937898,8.020947218681211,8.402985971760437,8.139245499924165,8.435145826893503,0.0006334505103419452,0.00043929202479336976,0.0005721407737480713,0.0004287642678520193,0.025168442747654157,0.020959294472700406,0.023919464328200815,0.020706623767577835,0.9960732527626902,0.9915514132371903,0.9949138220335142,0.9908954456209452
Agaricus augustus_92.jpg,Agaricus,17.565082159624414,39.32039558156174,23.99857776617954,41.554124561799,0.389886050968754,0.2797028859227279,0.3482151132527646,0.2791252556923277,2.665792905581638,4.089884703722218,3.081576200417537,4.140871207294801,7.902563418062452,8.312470746997219,8.036898418568379,8.324624039199467,0.0006758874107319977,0.00046680617947536963,0.0006229096241738753,0.00045322853476699253,0.025997834731607893,0.021605697847451484,0.02495815746752703,0.021289164726850898,0.9978244365486459,0.9951324856200581,0.9970292553284151,0.9948559755940526
Agaricus augustus_93.jpg,Agaricus,40.59949791340636,76.36452769038262,42.60289339770355,82.55254328102691,0.23938276558379146,0.17869788714874527,0.23089536265849375,0.18189162841685425,4.4351721439749605,6.207020363890605,4.558836769311066,6.257582143288867,8.245296199314769,8.569580068686932,8.270958028931718,8.573962751735147,0.0004284380309259001,0.0003064321098396979,0.00041105392362749316,0.00030429730421569493,0.020698744670291,0.01750520236500275,0.02027446481728909,0.017444119473785283,0.9941822090920843,0.9890576869639927,0.9938974555178767,0.9881710062684915
Agaricus augustus_95.jpg,Agaricus,110.7976623630673,230.3808174960223,128.5069415448852,230.24853551837583,0.23796641461963497,0.17942413929239356,0.2257860860967637,0.18370341973544563,6.762927099634846,9.829015848745922,7.314750782881003,9.840963666480441,8.817975710649808,9.172772521447637,8.883979442256415,9.166055283170426,0.00038890991843563164,0.0002747770563559962,0.0003673261490103258,0.0002901415502525969,0.019720799132784444,0.016576400585048497,0.019165754590162263,0.01703354191742272,0.9904197120630885,0.9800526491519929,0.9888823524069135,0.9800641136001589
Agaricus augustus_97.jpg,Agaricus,24.30583594157538,55.16987986840085,30.480320328810024,51.7096258833446,0.4197866579508535,0.2719538535377158,0.3237427887017865,0.27070271062176593,2.6640714658320293,4.528461420342981,3.39906380480167,4.445914643509397,7.822127315413036,8.376599871091578,8.10966308073209,8.370477197609338,0.0006993962734316602,0.0003683444616561874,0.00045976412870881025,0.0003641040331281047,0.026446101289824556,0.019192302145813238,0.021442111106624046,0.01908151024232895,0.9956140996222264,0.990047922255007,0.9944986640344721,0.9906721176914476
Agaricus augustus_98.jpg,Agaricus,19.06216418883672,42.46520365524158,22.67944611169102,38.32509041724249,0.43707877507041126,0.35724772061908305,0.42544997297425186,0.35974687365080144,2.5047111371935316,3.725105445944047,2.7110484081419624,3.579470793678797,6.982288500043849,7.331184738722183,7.045863354388608,7.304278788573517,0.007934305007664857,0.006319617833330702,0.007774600727539297,0.006271204095915965,0.08907471587192888,0.07949602400957359,0.08817369634726276,0.07919093443012253,0.9980072556045111,0.9955636553903326,0.997629653629887,0.9959961744863536
Agaricus augustus_99.jpg,Agaricus,42.71597548252478,96.7911925274682,64.75996216075157,108.80124215485442,0.22897029073298494,0.15441445616457342,0.18462919875728134,0.1473896922280108,4.612336984872196,7.147758273136848,5.853366388308977,7.583237770394111,8.1871869440369,8.61554048943718,8.421420915172703,8.662931253349893,0.00042385529790831775,0.00027584901429810995,0.00033226374866659623,0.00025620485424415144,0.020587746304739567,0.01660870296856771,0.018228103265743156,0.01600640041496374,0.9879544685853371,0.9727094723021387,0.981743513249887,0.9693231838078538
Agaricus xanthodermus_151.jpg,Agaricus,26.212464136671883,47.0589125100872,22.49952700939457,48.2771913317063,0.42195890003888586,0.3641020197520818,0.4599074427657166,0.35728098007278264,2.6466581898800206,3.470581316710282,2.2337911012526095,3.5583227969067,7.624193028760663,7.871290136597473,7.466756731379771,7.894622007442429,0.0009608520818162806,0.0007498326485144158,0.0010544724573545731,0.0007350574875850445,0.030997614131030804,0.027383072298674153,0.03247264167502504,0.027111943633480882,0.9937292115046568,0.9887365627992561,0.9946273426960335,0.9884449838172931
Agaricus xanthodermus_167.jpg,Agaricus,26.08302686489306,64.39120363563893,33.24979449373695,50.62450789170187,0.44194783965787,0.31517583624290174,0.3857718478029596,0.34393134538501535,2.516392801251956,4.214956171732319,3.0772018528183716,3.716173169847197,7.155447949630946,7.650006071895582,7.357831435677988,7.52326358676539,0.0018960998294778428,0.0011215403385867553,0.0014533776499697907,0.0012505175534964373,0.04354422842901046,0.03348940636360632,0.038123190448463136,0.035362657613596256,0.9976500638264711,0.9942013003729736,0.9970043489095062,0.9954410513286563
Agaricus xanthodermus_178.jpg,Agaricus,18.896798382889934,31.477530457623963,15.323532098121088,35.29566029907116,0.35222475893669236,0.2974509676799599,0.4025262270475489,0.28882161765165903,2.804049295774648,3.564958295353191,2.343710855949896,3.7480503526844204,7.764896811334723,8.000485904902046,7.582214024234967,8.032445901397523,0.0007652798163172411,0.0006037663519702795,0.0009569659269192573,0.0006059595390451314,0.027663691299558004,0.024571657493345448,0.03093486587847533,0.02461624542949496,0.9969934215190561,0.9949962494428742,0.9975637563098989,0.9943893151711795
Agaricus xanthodermus_186.jpg,Agaricus,40.513866066771,93.26677578810836,64.78976056889353,111.99457006478674,0.4434154636443339,0.32014876441560103,0.3547707038753029,0.30299298459287294,3.3291699269692234,5.208810739640814,4.284097729645094,5.69741342977839,7.938408168105588,8.400991150265435,8.225399829166408,8.479541647563886,0.0009159643633539002,0.0005510580208071775,0.0006331310955298012,0.0005132603676956651,0.030264903161151865,0.023474625040821793,0.0251620964057012,0.022655250333988037,0.9955699445115698,0.9897968203662525,0.9929174476759367,0.987748028356137
Agaricus xanthodermus_212.jpg,Agaricus,54.66698943661972,119.04951957161666,59.528568632567854,101.10954943299323,0.2352919851444589,0.17072585148342415,0.22791017278224224,0.1795887370425347,4.974292514345332,7.376890430964352,5.192575678496869,6.860961640872841,8.596383313744068,8.97559443925904,8.633663919589452,8.908187636681593,0.0002745154981211677,0.00018219664394649606,0.0002559454122754461,0.0001967875769480994,0.01656850923050012,0.013498023705213148,0.015998294042661114,0.01402809954869509,0.9924169733596359,0.9834825528799858,0.991737910972782,0.9859715953763537
Agaricus xanthodermus_213.jpg,Agaricus,15.35943205529473,33.61355980933152,17.799429149269308,30.783184843227772,0.42842366155565903,0.3200557994149756,0.4095675782954691,0.33836419493050973,2.377037689097548,3.636664804414518,2.523130871607516,3.4121229347787025,7.643044340862429,8.053850125091342,7.703959099425452,7.995793448791089,0.0008780849082278403,0.000586777803418341,0.0008234664694402647,0.0006162685963710799,0.02963249750236791,0.02422349692794872,0.02869610547513834,0.024824757730360227,0.9968538580407315,0.9931156973156129,0.9963539365125315,0.9936953699056499
Agaricus xanthodermus_214.jpg,Agaricus,70.67219940010433,122.70156919246867,64.73609407620042,138.97897615337115,0.28990570097855023,0.23372256153677345,0.28611812415798277,0.21593749431546158,4.8545872456964005,6.474191472192001,4.762072677453027,7.053315952313276,8.249797846876476,8.522474482673145,8.237939554244548,8.610208278048882,0.0006968779682018967,0.0005367631792683807,0.0007024465135593818,0.0004866611297096668,0.026398446321742056,0.02316815010458066,0.02650370754365098,0.022060397315317483,0.9935556265530495,0.9888193478692833,0.9940972549117565,0.9873361360098679
Agaricus xanthodermus_232.jpg,Agaricus,119.11286515388629,239.84812516948128,131.7528901356994,234.50028587204042,0.20291137567290585,0.14332171106692088,0.17898030574048412,0.14846261397521354,7.189586593635889,10.478553062751363,7.795465814196244,10.183735677810775,8.898378459742293,9.266790748002848,9.000746825710555,9.252511464517001,0.00019877996229954157,0.00013169056208546417,0.00016948924552465293,0.00013480448852410006,0.014098934793080702,0.01147565083494022,0.013018803536602468,0.01161053351591132,0.9817072810208781,0.9631536407720207,0.9797672873635289,0.9639752808016326
Agaricus xanthodermus_236.jpg,Agaricus,19.738621544079294,42.131216900101606,21.668430323590815,38.85696923363424,0.5790933540610561,0.4818523050995018,0.5591012708115461,0.48955193430184346,1.7917123109024518,2.7225897719884604,1.8940696764091862,2.6318392843724374,7.116670396380398,7.469763888058647,7.170177969620768,7.441703834029811,0.002064293828628225,0.0014825495357277904,0.0019327748120193486,0.0015291094392582989,0.04543450042234673,0.03850388987787845,0.04396333486007799,0.03910382895904567,0.9953669658748263,0.99010069671761,0.99491130617775,0.9908700179812286
Agaricus xanthodermus_24.jpg,Agaricus,22.181990088680227,66.421394990215,41.06617627870564,56.389047343677,0.3842552168229978,0.25519558487574023,0.2958073144082448,0.261894738069509,2.7065727699530515,4.873236169510685,3.894209942588727,4.546646149221938,7.297791202349821,7.848164043698425,7.647193263914502,7.799745067012151,0.0013054269983137586,0.0007425585140054819,0.0009124481409862043,0.0007825269601368355,0.036130693299655334,0.027249926862387756,0.030206756545286425,0.027973683349477512,0.9974271682936824,0.9923049937511162,0.9952378364451947,0.9934672556836668
Agaricus xanthodermus_245.jpg,Agaricus,13.42705399061033,31.398116838353246,18.251960464509395,29.686079828542116,0.44267144787846946,0.34566606192721416,0.4149485039411137,0.34343760132127893,2.2175860719874807,3.342517176825742,2.5179769050104386,3.3228099751373,7.520556513818542,7.902516674542625,7.638117117215818,7.908837832615885,0.0008467135631511592,0.0005837032000009917,0.0007665581804833543,0.0005794146050414335,0.029098342962291843,0.024159950331095296,0.027686787110160583,0.02407103248806402,0.9982581288635263,0.9959234968254151,0.9976314446530887,0.9961457772848281
Agaricus xanthodermus_288.jpg,Agaricus,18.58017083985394,58.21173480222556,39.83347794885178,55.501984768737685,0.4910296393685492,0.3507852501112185,0.40145200663011704,0.36712262579066984,2.1276147626499737,3.840382121072527,3.179433063674322,3.763157464854075,7.236008856048512,7.773522136904873,7.591470694480888,7.750836118205213,0.0029293308512600654,0.0017965113903887864,0.0020970521822859015,0.0017849266511293356,0.05412329305631786,0.04238527327255053,0.045793582326412306,0.04224839229046871,0.9981812075409164,0.9943060350935649,0.9961018809895145,0.9945710917807807
Agaricus xanthodermus_29.jpg,Agaricus,31.325035863328118,68.6455023343494,37.10497129436326,63.9010523358196,0.3941273921882921,0.31291018659036685,0.39663249084999963,0.32678153998650616,3.0280092592592593,4.534819214521646,3.2802453027139875,4.352867378243014,8.13620150038874,8.511392175085966,8.188683881461007,8.468192282444846,0.0005136891071318752,0.0003670090800326589,0.0005144224743336794,0.0003883111366635049,0.02266471061213611,0.019157481046125528,0.02268088345575805,0.019705611806373962,0.996570735767133,0.9924754905999393,0.9959377584506512,0.9929955541368989
Agaricus xanthodermus_3.jpg,Agaricus,21.373986045905056,48.45982272666386,27.326425495824637,47.99323055008314,0.7750051435876962,0.7000636186199876,0.7598556036664204,0.6929645478155385,1.1073976264997392,1.9237358738373176,1.3155760699373693,1.9298747717107563,5.698331731528976,6.0230054113440925,5.788552801101156,6.036772436769708,0.012766799842032644,0.010364618545508136,0.01223091302888222,0.010282104095378903,0.11299026436836336,0.10180677062704688,0.11059345834579105,0.10140071052699237,0.9944629990810957,0.9874247404882116,0.9929142888625246,0.987545827219993
Agaricus xanthodermus_300.jpg,Agaricus,11.083098591549295,29.744688497489225,18.9997488256785,29.29444166740177,0.5388844413822176,0.3921642493546607,0.45265777603708934,0.40290008855680615,1.5876564945226919,2.878950343209804,2.303650182672234,2.817541761821217,7.187162498754669,7.741705406915262,7.545590636988315,7.72824368079585,0.0014365816878244486,0.0008826565066912402,0.0010804413985802041,0.0008886560106558128,0.037902264943198954,0.029709535618909298,0.032870068429807144,0.02981033395746872,0.9988958396269899,0.9970376202650245,0.9981081604302914,0.9970824646762574
Agaricus xanthodermus_303.jpg,Agaricus,14.501799687010955,37.09129282771554,25.67291231732777,40.50100790313675,0.5694892372521012,0.4385720280130437,0.47911933367039117,0.43220981937604597,1.7195357329160146,2.9920053841956875,2.5326069937369526,3.1226734099797118,7.0844559181189055,7.6085057327911425,7.451795333744075,7.627563047237681,0.002737859076321761,0.0017162162572899185,0.0020042015892787397,0.00170665243739616,0.052324555194686186,0.0414272405222689,0.044768310100770384,0.04131165014128775,0.9979069035421623,0.9946462221212392,0.9962926867273344,0.9941540672035124
Agaricus xanthodermus_36.jpg,Agaricus,11.496146322378717,32.28956387361515,21.437953418580378,32.306010500488426,0.6176321742510674,0.4682292274957812,0.5066434633113791,0.45599263332470674,1.3558033385498176,2.4765601262410932,2.0787676148225467,2.5351001858985036,6.907530041992978,7.4414436745282115,7.289516451208517,7.472532215423574,0.002306911477674905,0.0014057132540869297,0.0016198008712019784,0.0013644532804669436,0.048030318317443046,0.03749284270480074,0.04024674982159402,0.03693850674387019,0.9985944286864815,0.9960519754410805,0.9973774796391962,0.9960499651003276
Agaricus xanthodermus_37.jpg,Agaricus,42.27533581116327,81.47548198026013,33.01627740083507,65.3765996582604,0.40945514053330245,0.33418979185665565,0.4455074895512368,0.37633340086188594,3.2986143714136675,4.636775886121647,2.748473382045929,3.9984742600814815,8.050462578353166,8.37851402945267,7.877713060468555,8.182173103827582,0.0005743256803130653,0.00041236021694466055,0.0006561986023657089,0.0005096994247509325,0.023965092954400684,0.020306654499071493,0.02561637371615485,0.022576523752582737,0.9942718866559305,0.9889768659241688,0.9955269106245354,0.9911549536208047
Agaricus xanthodermus_40.jpg,Agaricus,50.48653821074596,107.27455477471649,53.23458376826722,93.44097150754213,0.2898208709770335,0.21965186328845468,0.2844023085611376,0.2181527833591439,4.508969092331769,6.561246859491441,4.579292797494781,6.24848977884939,8.347518101041805,8.711225258301631,8.367805206033173,8.667781152297758,0.00038125939505417725,0.0002577563096787289,0.0003661406239444454,0.0002686294346105106,0.01952586477096923,0.01605479086374933,0.019134801382414333,0.016389918688343472,0.9927827349757908,0.984677995827854,0.9923913550899989,0.9866538514401713
Agaricus xanthodermus_45.jpg,Agaricus,40.43562532603025,122.11003949934822,103.33500456680585,158.23725745799314,0.33678483815529164,0.21357562382752837,0.2311163723486613,0.1973954554778593,3.8506227177882097,7.090956315485117,6.4933292014613775,8.054305886350345,8.141962576498079,8.734153385855986,8.641141400170508,8.848736985835368,0.0005616697495829123,0.0003062195851341261,0.0003357590335978939,0.00027334696965473546,0.0236995727721601,0.017499130982255265,0.018323728703457,0.01653320808720242,0.9928369486045192,0.9783832561816213,0.9816987535143558,0.9719877196543465
Agaricus xanthodermus_55.jpg,Agaricus,17.200052164840898,33.34368026764157,14.694656837160753,28.561060634276547,0.4506657230954578,0.3832577741092824,0.49618886895239456,0.3990244236552669,2.3818075117370894,3.2374992240616045,1.9899791231732777,2.9463769394375996,7.225265147430749,7.5091971392075765,7.066563647208421,7.429161170525225,0.0030337062986800414,0.0022966903103437833,0.003239039122232472,0.0024152377823302923,0.05507909130223593,0.04792379691076014,0.05691255680631887,0.04914506874886119,0.9976044990306943,0.9953594484183137,0.9979537795545739,0.9960250642970847
Agaricus xanthodermus_56.jpg,Agaricus,49.92260693792384,94.2563961827098,45.906142353862215,89.34740803904847,0.4065978029103676,0.3365101455894723,0.39959379522239213,0.33142926637072173,3.7321139801773606,5.220154142204188,3.696852165970772,5.132007540487649,7.897140232246657,8.214486843533228,7.903972269146058,8.210089207381888,0.0015083554011767427,0.0011873949033422357,0.0015005853284279782,0.0011840846393212038,0.03883755143127258,0.03445859694390118,0.03873738928255205,0.03441053093634569,0.9960092343306022,0.9924710168739276,0.9963306572376265,0.992863134971861
Agaricus xanthodermus_80.jpg,Agaricus,50.83069900886802,86.90869410384832,45.53059107515657,97.07828646665423,0.2786753257068907,0.21614377790916764,0.2729377670092119,0.22176611327140355,4.6583202921231095,6.187146539641468,4.52223382045929,6.4724664386224555,8.24988416546063,8.524080374874039,8.205649727426255,8.545556664168823,0.0004481504088456821,0.0003296171510526922,0.00045001748666630256,0.000331836825662105,0.021169563265350612,0.018155361496062044,0.02121361559626983,0.018216388930358974,0.994381758860488,0.9904012094108874,0.994969440277563,0.9892779975165225
Agaricus_bisporus_000005_0.png,Agaricus,31.813823682837764,69.71788840208964,41.91267614822548,76.16910556355998,0.5897374889043914,0.48723247569521444,0.5528357765781162,0.49112872818236303,2.130059989567032,3.4033572812425463,2.529031837160752,3.5484986000437795,6.947644138222971,7.34295069612239,7.094720702180248,7.36313718223059,0.0045862779694672414,0.0032746961508087766,0.004193593984775772,0.003359939313338858,0.06772206412586108,0.0572249609070096,0.06475796464355386,0.05796498351020949,0.9925820283770945,0.9837516355521185,0.9902317440969763,0.9822481255503398
Agaricus_bisporus_000014_0.jpg,Agaricus,92.06741653625457,164.66111258131016,92.85624673799583,192.41200858596252,0.26709255570653667,0.20651545222285567,0.24130745818380725,0.1932353393161128,5.734728742827334,7.887356614752305,6.067089639874739,8.629892087388631,8.656500168609432,8.968298597678851,8.732563787278833,9.059104718533376,0.0009781473692980931,0.0008124008269900744,0.0009002852844828572,0.0007481730120752945,0.03127534762873297,0.028502645964718337,0.0300047543646479,0.027352751453469805,0.9896487151470482,0.9814811315538224,0.9895533775219839,0.9783601256545325
Agaricus_bisporus_000015_1.jpg,Agaricus,36.74605177360459,107.7603085457771,64.29776552713987,91.37076460152704,0.483971542145201,0.3421515705519985,0.39061439116825686,0.35668541163497536,2.6742794731351065,5.115178661857483,3.9704625521920667,4.664507107595702,7.486429848772688,8.109133411041622,7.88730096543795,8.016928717199411,0.0014883266605977758,0.000832280749050729,0.0010207254621098806,0.0009016753570561322,0.03857883695237294,0.02884927640428316,0.03194879437646874,0.030027909635139974,0.9918821721701686,0.9761245891022609,0.9857693257083426,0.9797558446758106
Agaricus_bisporus_000016_1.jpg,Agaricus,34.718681533646325,81.86105638703482,45.32049843423799,76.6715673302165,0.8106733150806448,0.7702927926998854,0.8021317702947216,0.7755712959110135,1.2558685446009392,2.147908560152378,1.4548864822546972,2.100685766186075,3.2319428923380347,3.364902525741056,3.261466228612511,3.353372268067522,0.42857709138672295,0.42552145421232784,0.42810294076592836,0.4254629153146209,0.6546579957403125,0.6523200550437859,0.6542957593977882,0.6522751837335381,0.9946206445952024,0.9873081733519475,0.9929768860156035,0.9881127573435066
Agaricus_bisporus_000018_0.jpg,Agaricus,36.74605177360459,107.7603085457771,64.29776552713987,91.37076460152704,0.483971542145201,0.3421515705519985,0.39061439116825686,0.35668541163497536,2.6742794731351065,5.115178661857483,3.9704625521920667,4.664507107595702,7.486429848772688,8.109133411041622,7.88730096543795,8.016928717199411,0.0014883266605977758,0.000832280749050729,0.0010207254621098806,0.0009016753570561322,0.03857883695237294,0.02884927640428316,0.03194879437646874,0.030027909635139974,0.9918821721701686,0.9761245891022609,0.9857693257083426,0.9797558446758106
Agaricus_bisporus_000019_1.jpg,Agaricus,17.303054903495042,41.990084324084144,25.24024334551148,42.39196813915271,0.6819400735358104,0.5546926594644048,0.6263348946612258,0.5761050604560292,1.187411971830986,2.0657440350756824,1.4735745041753654,1.991570858694267,6.210381552173858,6.6586382834659315,6.400031616418152,6.588191472240009,0.004457443301136102,0.002895629894876153,0.003647205178326073,0.0031224930826416137,0.06676408691157322,0.05381105736627141,0.06039209532982005,0.055879272388262305,0.9908482874761753,0.9776501004260436,0.9866681472052123,0.9774361962929032
Agaricus_bisporus_000021_1.jpg,Agaricus,17.632417188315074,38.366576167746445,22.320090683716074,40.395179707332375,0.576624074808918,0.4551033736393936,0.4932791700130299,0.43567928507954956,1.7320846374543555,2.993547459659371,2.455496477035491,3.145974431604706,6.920001582618155,7.399435705070756,7.258451967937683,7.464237509800745,0.0052644733102397805,0.003921759598898914,0.004589292440862044,0.0038348696994604465,0.07255669032032663,0.06262395387468692,0.06774431666835266,0.06192632476952307,0.9988648174449807,0.9975274580069293,0.9985608193954607,0.9973967248526727
Agaricus_bisporus_000023_1.jpg,Agaricus,31.696341940532086,71.13404294941536,41.35645550626304,73.37638729617323,0.8626722144082138,0.8302932176898681,0.850115163292572,0.8270218641312381,1.1059859154929579,1.894586727042842,1.3424745563674323,1.9771171683312585,2.978987025039248,3.098185874215453,3.0316672815154746,3.119853432013354,0.30366841139623535,0.2991485801334081,0.3019566294837917,0.29867909563349265,0.5510611684706475,0.5469447688143732,0.5495058047771577,0.546515412073157,0.9848886086429869,0.965677701920249,0.9802244507487199,0.9645957826498108
Agaricus_bisporus_000025_0.jpg,Agaricus,31.405249087115283,60.81995288828774,32.798812630480164,63.666016511969055,0.2963904347376845,0.22824460285726628,0.29161091195137306,0.22519932423493896,3.635146061554512,5.035065881253654,3.6621477035490604,5.2082095915787,8.181471609922959,8.495494747759654,8.187439911349777,8.530771224203567,0.000421229830640803,0.0003055650873881355,0.00041689764194383034,0.0002972641939961644,0.02052388439454878,0.0174804201147494,0.02041807145505741,0.017241351281038396,0.9930206492634084,0.9864700228548126,0.992709832613097,0.9858368284668905
Agaricus_bisporus_000028_0.jpg,Agaricus,38.323656755346896,82.47875562351142,48.90382959290188,87.15234856132852,0.4421488144216794,0.3873700752216336,0.4294606991227205,0.3793171655473516,3.430783776734481,4.996997526798461,3.7420798538622133,5.185934442190139,7.0792379880117435,7.377488263903611,7.137712301704967,7.394784043807769,0.04970746234826752,0.04787563284971961,0.04802749826318707,0.047871454954828946,0.22295170407123494,0.2188050110251582,0.21915176992939636,0.21879546374371875,0.996341237129597,0.9921163114462948,0.9953236277604747,0.9916695885190391
Agaricus_bisporus_000029_0.jpg,Agaricus,28.535517736045904,85.78455702902173,52.00047299060543,71.4269686782257,0.47481925027635186,0.37091510668137534,0.42042506600368373,0.37027889351532545,2.4496935315597286,4.336456689569101,3.3867921450939455,4.047196657094037,7.715401716881221,8.187244201019048,7.970374816530254,8.163760254143119,0.0022202532107942576,0.0019070585968967407,0.002064696630376926,0.0019260781197237228,0.04711956293084919,0.043669882034380866,0.045438932980176,0.043887106531687904,0.9961928712963176,0.988559543466348,0.9930675873543926,0.990474319999119
Agaricus_subrufescens_000001_0.jpg,Agaricus,46.44306207616067,98.51233497015495,52.710275313152394,92.7590017021638,0.3222159335864856,0.24432279065052837,0.31439082387827233,0.2565170570814027,3.973056859676578,5.921700464909615,4.231589248434238,5.634776415393311,8.189253546225178,8.57467599282284,8.244663404881926,8.520173919853939,0.0004914239097595873,0.00033438366375250164,0.0004786795445404537,0.00036106106211400803,0.022168083132277975,0.01828616044314666,0.021878746411539526,0.019001606829792263,0.9926278439900985,0.9843746301429743,0.9916358285395371,0.9852871964665306
Agaricus_subrufescens_000003_0.jpg,Agaricus,71.39259585289514,119.06790032703762,66.02948525574114,142.97322604147269,0.23162231838995362,0.18854899047095314,0.24300961946700575,0.18604214547047576,5.590111502347417,7.169827594656317,5.3448949634655545,7.9034373254138615,8.598318015819787,8.839796124348402,8.550619185336437,8.922435157699457,0.00029351617831178034,0.00022978853662074467,0.0003070667721784278,0.000216547944855681,0.017132313863333824,0.0151587775437449,0.01752332080909403,0.014715568111890244,0.9861367696536376,0.9768939953084728,0.9871856329569246,0.9722550452550065
Agaricus_subrufescens_000003_1.jpg,Agaricus,44.27806794470527,79.50942070889731,44.346216075156576,90.89928482983262,0.3110864241064592,0.25985883296344287,0.3175065017377023,0.24100144393245915,3.9995402973395935,5.249345761416095,3.9670537578288094,5.846328259513005,8.226146208710528,8.478452793370838,8.213859390414537,8.595067948366552,0.0005506544615191097,0.0004324964004317668,0.0005621143724976545,0.00039111360107726794,0.023466027817232078,0.020796547800819413,0.023708951315856517,0.01977659225137809,0.9933825687668141,0.9881242426445749,0.9933752786273223,0.9864229842868256
Agaricus_subrufescens_000005_0.jpg,Agaricus,26.469447704747,42.445832965783566,19.244255610647183,45.82709805574341,0.38173132963796635,0.3202321030959526,0.3948274832583464,0.2976658093896624,2.887881455399061,3.723266063558339,2.611231080375783,4.021680535544513,7.647517027443343,7.908832170222892,7.594797405388382,7.988319099940076,0.0010414853899328661,0.0007926422096187283,0.0010359805189569435,0.0007230560513205731,0.032272052769120006,0.028153902209440314,0.03218665125416037,0.026889701584818175,0.9961516055361166,0.9938331276863047,0.9972016610645836,0.993341866864382
Agaricus_subrufescens_000005_1.jpg,Agaricus,24.56705464267084,50.02113819544499,25.17558063674322,45.8171856469366,0.6284042528633481,0.5715823243387186,0.6254974205416113,0.5738254177596214,2.1044633541992694,3.0766104397202048,2.152426931106472,2.9963114339014836,6.506254593336537,6.789054081623041,6.520092164633324,6.765333598077642,0.00885426733935025,0.007436869176682844,0.00875665237208824,0.007620237377678844,0.09409711653047743,0.08623728414486882,0.0935769863379252,0.08729397102709238,0.9949565842557156,0.9897132304233237,0.9948225324788941,0.99057778617686
Agaricus_subrufescens_000007_1.jpg,Agaricus,18.887089201877934,36.04927127133013,18.246013830897702,35.613755835873505,0.6211553852642944,0.56936703366725,0.6164231396085885,0.5709724304822303,1.9501890975482525,2.807907057282222,1.9695850730688935,2.775337247329955,5.311268166234399,5.530106647677249,5.328994214551544,5.5202832503045975,0.16117358713717272,0.15900747017109504,0.1609453970220439,0.15898478807815578,0.40146430368984576,0.3987574076692432,0.4011800057605612,0.398728965687415,0.997062047702785,0.9943945420413476,0.9971619318110335,0.9944622604271356
Amanita amerirubescens_102.jpg,Amanita,23.881895539906107,51.37635789219193,30.479514613778704,53.98444856100183,0.3473953570938769,0.26220941431426564,0.32184046150388923,0.25812165757305905,3.085201486697966,4.628967495532228,3.5180127870563673,4.697972105423074,8.008338600013955,8.403191431813699,8.130601222141015,8.408382292556146,0.0005323772194207772,0.000360761031944672,0.00047550779453854695,0.00035873072479471776,0.023073301008325126,0.018993710325912416,0.021806141211561183,0.018940188087627794,0.9960043058549899,0.9913801629289111,0.9948975853243344,0.9909425614754096
Amanita amerirubescens_12.jpg,Amanita,19.870416014606153,70.20492287989128,51.677068110647184,69.88227626020563,0.4093247465512491,0.2608139428065633,0.29242184308517094,0.2658900856687527,2.6065597287428273,5.25214240674854,4.508363778705636,5.175267331196643,7.76794987005492,8.448819527595857,8.29687952634335,8.42693624036212,0.0007900092888009679,0.00039810479449316324,0.0004738748718097055,0.0004225385551120352,0.0281071038849784,0.019952563607044664,0.021768667203338504,0.020555742631003026,0.9969213553923044,0.9891263941859784,0.9919963805833734,0.9891763914250421
Amanita amerirubescens_168.jpg,Amanita,29.50123891497131,82.11192462126039,52.138752609603344,76.26336819338671,0.33720352232118156,0.22017500492783698,0.2671997888206463,0.23280325627895176,3.3952986437141366,5.926967044671182,4.710888569937369,5.740709158686753,8.156597164730734,8.69854887168604,8.47925941150188,8.670799152509078,0.00046598212303147117,0.0002730584033629406,0.0003448335416805137,0.0002844362217675732,0.021586619073663924,0.016524478913507095,0.018569694173047484,0.01686523708008794,0.9959731752457577,0.9887887245711605,0.9928857915646635,0.9895872488079573
Amanita amerirubescens_178.jpg,Amanita,64.3539710485133,140.44054024914976,74.93312565240083,128.03208627781538,0.18955612688239407,0.1283057105393442,0.1722032981347373,0.13925469107326052,5.802529994783516,8.74058500854349,6.343479253653444,8.234130834648345,8.56109214265943,8.956644564976983,8.645770882552785,8.897473152881982,0.0002931180529789471,0.00018861047528777084,0.00026055864336957813,0.00020611290762779589,0.01712069078568231,0.013733552901116696,0.0161418289970368,0.014356632879188487,0.985967616280492,0.9693723228014903,0.9836628398841888,0.97207839472735
Amanita amerirubescens_190.jpg,Amanita,44.5304479655712,95.67391638161138,50.972918841336124,88.05627268598835,0.3245776846251652,0.25585193889740854,0.3157476668408836,0.2566943403351619,3.990163667188315,5.8875657097304295,4.308252870563674,5.724615379589062,8.151188006622803,8.518557595711481,8.222536985850233,8.502398316639576,0.0005232181842771305,0.0003724712227429886,0.0005031028112210764,0.00037581470425648595,0.022873963020804473,0.019299513536433725,0.022429953437782174,0.019385940891699992,0.9901021066252944,0.9786927276172837,0.9886483955828295,0.9803892286493034
Amanita amerirubescens_204.jpg,Amanita,56.82037037037037,104.2911712912595,55.41249673799582,112.08899278295615,0.22895532314971345,0.17424222905800268,0.22563090653548706,0.1720875294623682,5.075286906624935,7.011679914793796,5.122732907098121,7.279265945942415,8.304823685496222,8.621116243701938,8.324664068694359,8.66082820495851,0.00042179186930033807,0.0003005285011040174,0.0004114926172213799,0.0003012807513551499,0.020537572137434797,0.01733575787509786,0.02028528080213286,0.017357440806615183,0.9833730232797084,0.9694794696517436,0.9837782398015342,0.9671974714739661
Amanita amerirubescens_232.jpg,Amanita,19.267605633802816,72.1072265184706,51.84450026096034,66.90060474188205,0.40979856818627713,0.24586667271272078,0.2726034435977158,0.24679230386919548,2.573435054773083,5.401119311554784,4.612062891440502,5.2146196595018965,7.912052076028511,8.639273681384182,8.487385716835416,8.606614482110515,0.0005590040334381528,0.0002660674234270741,0.0003051354477856644,0.0002697033565688885,0.023643266133048388,0.016311573297112518,0.0174681266249608,0.01642264767231181,0.9968629365489566,0.9882566621893507,0.9915660473446097,0.9891046188426276
Amanita amerirubescens_233.jpg,Amanita,39.218903234220136,75.9366932282631,41.72460855949896,80.50910379932108,0.26744556872854375,0.2037389201500794,0.2677874985660445,0.2083612451135452,4.238099895670318,5.97494454082416,4.359857776617954,6.0256370045837535,8.379273077783301,8.71040633096581,8.401739794713347,8.715401121942701,0.00033977656259651654,0.00024034079573238918,0.00033690266634110185,0.00024802440094737216,0.01843302912156644,0.015502928617922136,0.018354908508110352,0.01574879045982174,0.9920649766073656,0.9846083646342838,0.9915564876660895,0.9836815957241013
Amanita amerirubescens_240.jpg,Amanita,26.814449660928535,73.8445084797815,51.67386156054281,79.86898892776746,0.372829456659977,0.2509834035208124,0.2935558618758576,0.2564435419498985,3.0362284820031293,5.353952058442046,4.390719598121086,5.443454510407374,7.971355990934453,8.513270405162503,8.32664436605039,8.521316466139142,0.0008052671157210462,0.0005594015514978807,0.000641705316493061,0.0005703526233251415,0.02837722882384829,0.02365167121997684,0.025331903136027126,0.023882056513733096,0.9964169565994172,0.9901320652832961,0.9930931564281275,0.9893270003373923
Amanita amerirubescens_254.jpg,Amanita,55.81819900886803,113.79794237473088,63.60044689457203,116.74991913905143,0.25286557556559025,0.18132572230850988,0.226581077991865,0.17693011753122023,4.829121022430881,7.094664484237832,5.335278575156575,7.258856315811827,8.302462002082901,8.679813299769869,8.410262857175795,8.707223688656017,0.00045360631343218803,0.0003004227964678065,0.0003870957926087889,0.00028987907655730996,0.021298035435978316,0.017332708861219775,0.01967475012824277,0.01702583556120844,0.9825063371592976,0.9643079927831352,0.9800621074944649,0.9633819394298938
Amanita amerirubescens_255.jpg,Amanita,23.78393322900365,73.53186248084657,48.28693893528185,67.79723014496163,0.34107579033088753,0.21895762566371546,0.2508935130179345,0.21433609633971049,3.0817944705268645,5.663442030050869,4.651591858037579,5.547819041364868,7.994295616284798,8.589528756191545,8.398092717996455,8.570155045730527,0.0005182321599543551,0.0002831451852830064,0.00033537240480838496,0.00028096413988478694,0.02276471304353198,0.016826918472584527,0.018313175716089904,0.016761984962551033,0.99464703413033,0.9834401960824062,0.9891324542915421,0.9847317361982161
Amanita amerirubescens_29.jpg,Amanita,48.144627021387585,143.011699517448,92.66009264091858,127.91591441481177,0.27278680152021273,0.19174212826570103,0.22544087597764195,0.1887334898202392,4.5953051643192495,8.043988356023405,6.468058455114823,7.65802189616474,8.456761910138958,8.974587110919948,8.763217459686683,8.94031974875855,0.000522553570240489,0.0003411536331516555,0.00041785374349710274,0.00033514546723491847,0.022859430663087148,0.01847034469498757,0.020441471167631325,0.018306978648453123,0.9947515193559882,0.9844136530903722,0.9898996567269337,0.9860588529920585
Amanita amerirubescens_37.jpg,Amanita,18.655940271257176,57.905387789506705,40.83724230167016,57.58298947010759,0.48197855194838707,0.34244218053093667,0.37729528704025755,0.3481780343045895,2.5109937402190927,4.703052459969747,3.956357646137788,4.670616601487842,7.296214756572536,7.889329239318175,7.7218103388754065,7.880439263463399,0.0027799702387694566,0.001642953706047509,0.0019876029082725112,0.0017351834881838702,0.05272542307814568,0.04053336534322692,0.04458254039725093,0.04165553370422554,0.9953584080312516,0.9855977514844545,0.9898442337640322,0.9856779361432457
Amanita amerirubescens_62.jpg,Amanita,36.198940401669276,129.0925375962572,92.58215031315243,122.24342575984788,0.2789094964814792,0.16288171336380947,0.19256319718778717,0.16966009853917596,4.005995696400626,7.904891188933648,6.663354645093946,7.628549305575975,8.149467877326106,8.812241461950443,8.646803314161247,8.775809494228243,0.0004603040603743406,0.00023166781198739422,0.00027766863523057134,0.00024447521541522013,0.021454697862574076,0.015220637699761275,0.01666339206856069,0.01563570322739659,0.9910548115341591,0.9681128101384724,0.9771250631814931,0.9698044948880695
Amanita amerirubescens_64.jpg,Amanita,13.803162493479395,27.73439383692552,17.606096685803756,33.337518500004904,0.42315610978629925,0.3300089738227411,0.398623196228886,0.3268737097195946,2.3051056338028166,3.3958886699925834,2.6259688152400833,3.551037143762599,7.572036835462031,7.93848835839543,7.674206154004523,7.974190639730452,0.0008527583885867029,0.0006012677016593612,0.0008061762139677928,0.0005901573256976837,0.02920202713146303,0.02452076062562826,0.028393242399694207,0.024293153885357983,0.9974394997601588,0.9948454202380063,0.9967320145391693,0.9938040540830616
Amanita flavoconia_116.jpg,Amanita,30.23638497652582,70.72842156161278,40.15529097077244,66.83469081713663,0.3140348533348134,0.22804850314758823,0.2795859926907189,0.2333151688756162,3.6595787689097543,5.781979279994511,4.32017875782881,5.546201822393419,8.1357061449884,8.575291799878537,8.292216274945734,8.540966489562848,0.00047893583592762936,0.0003106969124500575,0.0004132292013694425,0.00032146185637729524,0.021884602713497663,0.017626596734765833,0.02032803978177538,0.017929357388855163,0.9930952569462049,0.9838315676484599,0.9908290462844263,0.9847216497971134
Amanita flavoconia_118.jpg,Amanita,26.800775952008348,50.64293438664928,23.759309759916494,47.92796351292632,0.3238957726514127,0.25856104675839253,0.36050968096764346,0.2746997697266803,3.464188836724048,4.7861579124480125,3.1133350730688942,4.561821870681291,8.031694556637632,8.340386708370444,7.902388896899865,8.289076528360381,0.0005078550767536788,0.00037578681309073637,0.0006003496135120931,0.0004029027154421951,0.022535640145193984,0.01938522151255271,0.024502032844482376,0.020072436709134122,0.9937189851675192,0.9881264553147644,0.9944332828967491,0.9887629894673607
Amanita flavoconia_161.jpg,Amanita,28.39043101199792,60.32740026332898,32.24943241127348,58.503833952450485,0.32019081154879375,0.23584583821309169,0.2910606540851526,0.23540977877078684,3.4393616327595207,5.175600576318033,3.787760960334029,5.119246212603853,8.003374983007554,8.39906381059871,8.099019053438962,8.394575780677808,0.0005173809012496706,0.0003445519149885202,0.0004611880526934893,0.00034470050776249696,0.022746008468513122,0.018562109658886303,0.021475289350634818,0.018566111810567578,0.992981183193373,0.985081495216699,0.9920238809813976,0.9855324245535327
Amanita flavoconia_167.jpg,Amanita,41.194434663536775,101.7592271326871,60.27420407098121,95.36127691689454,0.3677469500884897,0.26352542093989395,0.3055814271741455,0.2648917892617989,3.636922926447574,6.047000630552043,4.737075939457203,5.920325012006625,8.11948708968337,8.615189691548917,8.393183172143164,8.604607370212282,0.0006064703640113348,0.00037100064421728435,0.00045823297868004465,0.00037505861136483696,0.0246266190129976,0.019261377007298422,0.021406377056383097,0.01936643001084188,0.9934116394724914,0.9837113730776172,0.9903521703377821,0.9847354667575742
Amanita flavoconia_180.jpg,Amanita,40.732244392279604,101.47015332542692,60.72854579853863,96.26552775245766,0.3033433564329412,0.2041838102450234,0.25850101643227774,0.2172566806141878,3.967018779342723,6.499665121324094,4.9197449112734875,6.211522440138393,8.379488337542579,8.866368703172572,8.591123065770164,8.81284629056464,0.0003820327921384156,0.00023436373385583368,0.0003132559079645612,0.00025511059831303964,0.019545659163569172,0.01530894293724533,0.017699036921950337,0.01597218201477305,0.9935746868882025,0.9839868943767203,0.9904178837771811,0.9848082557967004
Amanita flavoconia_196.jpg,Amanita,97.34384454877413,209.24661445826433,120.7417797494781,208.7421401524433,0.18446177726993057,0.12858724944687958,0.16331143390841465,0.12807402851570288,6.8047470005216475,10.167749713311181,7.730917275574114,10.186966848644639,8.904164237651846,9.295702287865854,9.030730968179995,9.293629876085406,0.00018772726345441998,0.0001247923819180736,0.00016317290583417967,0.00012414951349664646,0.013701359912593348,0.011171051065950491,0.012773915055071396,0.011142240057396289,0.9833982110431942,0.9643038706760692,0.9794184540949259,0.9643901082215238
Amanita flavoconia_2.jpg,Amanita,45.33047404799166,145.60920802009926,115.1125652400835,166.83623615970936,0.3231277603126445,0.20193284654684132,0.21473773270903077,0.19028625462860943,4.177963615023474,7.806077476223614,7.046927192066806,8.457826523044552,8.179991066088217,8.784230641177423,8.685844038976192,8.86126825184325,0.0006186581098946118,0.0003419760382772196,0.00037329973671914837,0.00031126584740054505,0.024872838798468737,0.018492594146771825,0.01932096624703714,0.0176427278899989,0.9925287091094596,0.9760225501897111,0.9810342934513779,0.9725271958885319
Amanita flavoconia_232.jpg,Amanita,13.379753521126759,25.107216717143498,16.08505349686848,32.39907410129998,0.5933801435733025,0.47220855882445534,0.5198284346816842,0.46635260513511534,1.6707159624413146,2.490478010722652,2.0207593945720252,2.8033919125982987,7.245566304746946,7.662802815118322,7.475817044565558,7.731196763435154,0.001603347237154646,0.001019514416915402,0.001232344210868753,0.0010088448558649874,0.04004181860448706,0.0319298358422871,0.03510476051575844,0.03176231817523695,0.9976830617211715,0.9956523344685666,0.9972148088149715,0.9943896302334808
Amanita flavoconia_239.jpg,Amanita,17.42483046426708,40.85720446548463,20.44703810020877,33.2071869864513,0.4508592485071703,0.35948852869048975,0.4332053885350545,0.36823853253153566,2.37920579029734,3.6680878590961217,2.6057085073068897,3.4107866871841113,7.553911295027818,7.9499413450124425,7.637318022423977,7.90095091666749,0.0011605423713563186,0.0008430361771056876,0.001125275169886403,0.0008539487851687772,0.034066734087028636,0.02903508527808533,0.03354512140217118,0.029222402111544102,0.9970114607952597,0.9929640475828259,0.9964881792712179,0.9942814367418752
Amanita flavoconia_267.jpg,Amanita,43.87562923839332,100.52554062486728,60.22355493215031,101.36399841871922,0.286765637180197,0.19912538528507445,0.24031806134607647,0.20007323816637682,4.260644887845592,6.769103603294552,5.250322938413362,6.7367918949559105,8.299113138054832,8.75704363299537,8.505136186913642,8.745385110386268,0.00038819330452906196,0.0002390407717386141,0.00030478718925664713,0.0002415951136520195,0.01970262176790343,0.015460943429772134,0.01745815537955391,0.015543330198256084,0.9903210214554321,0.9778164821724639,0.9867136797419065,0.9776313931058442
Amanita flavoconia_312.jpg,Amanita,6.413830203442879,15.246918299404404,8.654570067849686,14.262208369679922,0.6010090181291128,0.4955093526474538,0.544073880533515,0.4672332989471628,1.2639932185706833,1.9480725690258462,1.5656086899791233,2.1083471368689986,6.92883571814995,7.301000893502674,7.11530537757848,7.397076837895092,0.0019528703898437473,0.0013991760473000684,0.0017460731688136873,0.001353692622151282,0.04419129314518582,0.03740556171614147,0.041786040358158937,0.036792562049295804,0.999109832890215,0.9978821193625298,0.9987985698698676,0.9980188971389581
Amanita flavoconia_65.jpg,Amanita,24.810315597287428,65.21377674537132,39.781739300626306,59.565059575733216,0.3748838063852402,0.25845088482638223,0.30538118400755443,0.27621804630445423,3.0109415753781947,5.0569489775582275,3.9773421189979126,4.776660426488413,7.827927536622791,8.3402436284254,8.108558129928092,8.272469865934571,0.0006708959865862615,0.00039535729051278905,0.000497689146273579,0.00043310699600985516,0.025901659919516,0.01988359350099446,0.022308947672931123,0.02081122283792702,0.993816415825963,0.9837546627467378,0.9900927967528544,0.9851617716443795
Amanita flavoconia_86.jpg,Amanita,94.89240023474179,222.83289390716834,119.74045863778704,187.35982305337475,0.1672756060766235,0.11547442124013581,0.1534652048152191,0.12191184852224607,6.925446661450183,10.746727173525963,7.865158533402923,9.917198388661824,8.809750123857835,9.230226892213704,8.929439289050878,9.156772238069617,0.00020967597592743618,0.00013599260094982976,0.0001856020628413868,0.0001466954115147144,0.014480192537650741,0.011661586553716855,0.013623584801416505,0.012111788122102963,0.9781562344805393,0.9486644914268453,0.9724046528014568,0.9568366192584926
Amanita flavoconia_92.jpg,Amanita,11.280190401669277,32.51129276237336,24.95003588204593,38.36254128809041,0.544239242772724,0.400076977023596,0.4338620002980885,0.38628665649959404,1.7086463223787167,3.068916397946949,2.681462030271399,3.3160405252204477,6.574580809832523,7.107415672667356,6.969781599300185,7.157727146584178,0.004967589189003398,0.0030548753222850895,0.0034121562886554302,0.002901904590608722,0.07048112647371207,0.05527092655533368,0.05841366525613189,0.05386932884869387,0.9977004123517386,0.9933811779499928,0.9949167666142292,0.9921899521363376
Amanita flavoconia_96.jpg,Amanita,14.221602764736566,38.64631911160771,24.431432672233825,36.65476785556764,0.47721546366194967,0.3189171640315955,0.36756854262200783,0.33239789819525556,2.1023082942097027,3.779372126985994,3.0010242693110643,3.589507352628879,7.406034469275394,7.987428857546839,7.7687678898848365,7.93300543978982,0.001172215396123189,0.0006442304346842662,0.0007947307621601249,0.0006875664695613578,0.034237631286687886,0.02538169487414633,0.028190969514369755,0.02622148869841981,0.9976810301754687,0.9936984716492964,0.9960163087687096,0.994023205960524
Amanita muscaria_1.jpg,Amanita,63.86988458528951,113.26651768649475,56.433083246346555,122.28511407111188,0.3359878780771096,0.29388419894165674,0.37092212174149,0.2849898018641704,4.759562467396974,6.226779839323578,4.201728862212944,6.4638053325753635,8.308505184220847,8.538483240793688,8.154022601115948,8.588906481950572,0.0006571219789308603,0.0005462177881164572,0.0007714334168254312,0.0005067358042635038,0.025634390551188463,0.0233713026619497,0.027774690220152432,0.022510793061629432,0.9887274765453712,0.9800000893753092,0.9900356771209106,0.9784077164361067
Amanita muscaria_109.jpg,Amanita,51.15821596244132,174.72606924310884,126.46413100208767,172.34944998219424,0.2885079727189528,0.1763797934988483,0.19648037600404145,0.17367096167482543,4.482616066770996,8.652134565686861,7.444226252609604,8.642901715558953,8.44558174205376,9.070809540969023,8.92768111077103,9.085003733969064,0.00037179764562276574,0.00019671452408227819,0.0002277609343282287,0.00019351461322508252,0.019282055015551785,0.014025495502201632,0.015091750538894708,0.013910952994855619,0.9936215480761902,0.9782101978700909,0.9842362511256799,0.9785065147911015
Amanita muscaria_181.jpg,Amanita,61.0776864893062,117.03446146608252,64.12541753653444,125.51162600749475,0.3055303317932062,0.23466733638842047,0.28937170101167753,0.2321741199047201,4.554577464788732,6.452197294180299,4.80491910229645,6.661243265671505,8.391150233000614,8.729265948255483,8.450690459120208,8.760691185694139,0.00041443018861420035,0.00029568895688638963,0.00039029903899756634,0.0002852026204076078,0.02035755851309779,0.017195608651233884,0.019755987421477224,0.016887943048447547,0.990525582979944,0.9818227906345623,0.9900457851256095,0.9805062031112182
Amanita muscaria_193.jpg,Amanita,35.629975221700576,129.07528072634366,93.17220772442587,124.2181906096752,0.35320731400986094,0.20695797900775553,0.23440353642325934,0.2151938762399807,3.4293688054251437,7.098392255644748,6.05303366388309,6.833890375423499,7.978912652094547,8.690993171781747,8.533847411439362,8.652384867411513,0.0006500982761401093,0.0003111741203692133,0.0003642303946824156,0.0003251065528742879,0.025497024848795777,0.017640128127913733,0.019084821054503383,0.018030711380150475,0.9931932826232471,0.975347013934148,0.9821973573586078,0.9762746514816153
Amanita muscaria_213.jpg,Amanita,41.964990871152835,110.59579653751784,68.81424191022964,102.66460838797573,0.36534742125341235,0.2766828276012958,0.3311612525282501,0.27945887300464684,3.6378521126760557,6.024307291207228,4.724145354906055,5.86468287806169,7.925212595455313,8.386796242473837,8.14775614242485,8.368724175673922,0.0016372724114932442,0.0012856212754407774,0.0014998065536609225,0.0012909146301664158,0.04046322294989914,0.03585556129027654,0.03872733600005199,0.03592930044081593,0.9912776701860496,0.9770046106880598,0.9856941061410244,0.9786536803177551
Amanita muscaria_239.jpg,Amanita,73.96083398539383,255.68212989372094,183.88029749478082,244.04121784756325,0.3309426681516885,0.220522537252588,0.2411203558732805,0.22072340588175898,5.068639149713093,9.790042505088522,8.361332202505219,9.585678300841934,8.187712726168815,8.795897938868874,8.652975612498857,8.784410658337926,0.0024931115797817297,0.00177838792863427,0.0019051435744919171,0.0017435067863048543,0.049931068281999835,0.04217093701394682,0.04364795040425057,0.04175532045506122,0.9922805800274991,0.9733414734425372,0.9808128432576615,0.9745552107163017
Amanita muscaria_242.jpg,Amanita,59.3797209181012,157.22002999206092,102.9656902400835,160.0462197914931,0.2804430786712773,0.18828996396215958,0.23324633031071013,0.1908427500853125,4.846055033907147,8.085055916571104,6.447357776617954,8.09660514700357,8.412222022127223,8.916975109651856,8.690007670122341,8.91110955841531,0.00039814569909458493,0.00023799552014809057,0.00030764410839823747,0.00024217850653745083,0.019953588626975972,0.015427103427023836,0.01753978644106699,0.015562085545885257,0.9894253078006998,0.9720100205460267,0.9816624924356039,0.9715069177525142
Amanita muscaria_253.jpg,Amanita,32.01204681794471,74.686854133383,42.52514026617955,68.96508767287091,0.43812749123924294,0.35088403570092447,0.41065773392677335,0.3482295406768349,2.933317031820553,4.514030599743204,3.3796092118997914,4.2707289900385845,7.545271530474057,7.93517795645291,7.662100360402469,7.89434416463388,0.0012921150794452565,0.0009151445645839309,0.001156301558308427,0.0009002196314034245,0.03594600227348316,0.03025135640899315,0.034004434391832296,0.030003660300093795,0.9928681508227648,0.9833422740519446,0.9905216690513506,0.9846184302409305
Amanita muscaria_27.jpg,Amanita,12.542377412623892,47.99321094742895,36.64395550626305,48.35059020324685,0.5683782678937308,0.43298352372760296,0.46813360461334624,0.43364175695112805,1.8103286384976527,3.795394029684953,3.241946111691023,3.7497688520358987,6.606008438079564,7.206716691932779,7.0606243676521565,7.194927071872471,0.016350703339270932,0.012982617449579613,0.013914038678729293,0.012968074186668416,0.1278698687700544,0.1139412894853293,0.11795778345971619,0.11387745249463749,0.9982902801690142,0.9934618703525383,0.995004846809211,0.9934131836151214
Amanita muscaria_29.jpg,Amanita,45.478074465310385,142.063316573064,107.46892614822548,155.01292795044446,0.3165693156774548,0.19698881168592378,0.227499360117138,0.2069007054086397,4.200179316640584,7.744695031707294,6.656752348643006,7.862604996716556,8.12875192915324,8.727168548179446,8.57200427698821,8.724675875282085,0.0005391081200003591,0.0002851607089409732,0.0003420277350032252,0.0003004862320583348,0.023218701944776307,0.016886702133364382,0.01849399186231099,0.017334538703361414,0.9887012291285582,0.9647022493805714,0.9732938360527541,0.9614847564114503
Amanita muscaria_323.jpg,Amanita,50.59114501825769,198.24154390504472,149.9282946242171,193.1877019481771,0.29833212358568495,0.178090718521425,0.19294723821727594,0.17252647366580592,4.475710745957224,9.31693244598652,8.287023747390396,9.350351704287426,8.33560838273294,9.028286569239109,8.912502337183685,9.038704278972919,0.000425170696907444,0.00020955062456296208,0.00022898559578293003,0.00020134755839414282,0.020619667720587643,0.014475863517005198,0.01513227001420904,0.014189699024085846,0.9921925560969749,0.9694193999708058,0.9768699982348014,0.9701990064601633
Amanita muscaria_33.jpg,Amanita,48.803843896713616,175.68985007236648,128.06384068371608,169.47570087656533,0.30605016118697137,0.16432993832322604,0.19175010221860625,0.17502878020772034,4.208427882107459,8.659449622812264,7.362927322546973,8.340674527331002,8.224450849297167,8.939133843660416,8.777149863173465,8.892526829141945,0.0005135169824602184,0.00023440204818398473,0.0002813946258753612,0.00025427960595332126,0.022660913098554048,0.015310194256899052,0.016774821187582334,0.01594614705668179,0.990496481429896,0.9657909785769537,0.9750518096631656,0.967000951806475
Amanita muscaria_47.jpg,Amanita,38.35249739175796,99.64253906645627,64.9931563152401,100.93198205703717,0.33147767389844274,0.23313246677174423,0.275721767968535,0.23025412994612016,3.8469548774126237,6.347398237721388,5.077472599164928,6.403298473279948,8.134398833371716,8.606733766039131,8.376544009730903,8.613749686870312,0.0005340416351265983,0.00033537758940712487,0.00043258367257779516,0.0003345767884604653,0.023109340863092534,0.018313317269329575,0.020798645931353204,0.018291440305795093,0.993501198393053,0.9831154522418849,0.9889876257746634,0.9828969295313502
Amanita muscaria_50.jpg,Amanita,65.96057968179446,184.4564347345964,127.79678366388308,191.3061183150865,0.29468378840546694,0.18267023638468705,0.210276958304914,0.1814246927399004,4.873320944183621,8.706629944361133,7.351285229645095,8.948252260022674,8.440497966724472,9.023147143609503,8.86767541925056,9.055104618261884,0.0003665351780012947,0.00019674548936044115,0.00022884325020341558,0.00019121168674147737,0.01914510846146594,0.014026599351248368,0.015127565904778454,0.01382793139777159,0.9857974075135202,0.9602256249225757,0.9725172419041074,0.9587486164623209
Amanita muscaria_75.jpg,Amanita,94.40864958268126,200.01115717734848,111.44956941544885,194.04321731829154,0.19068001051671074,0.13620876770993162,0.17918692852024798,0.14242723962800422,6.749468570683359,10.083092384042132,7.5013700417536535,9.766532388485402,8.731020143479512,9.112950802970703,8.821841349915998,9.079557423849733,0.0002338624101129313,0.00015638032795475343,0.00021273841871044733,0.00016410702945053035,0.015292560613348286,0.01250521203157921,0.01458555513891903,0.012810426591278307,0.9788387313522354,0.955124238191536,0.9750083075399812,0.9564632520772689
Amanita muscaria_92.jpg,Amanita,31.01869131455399,130.64333297395135,100.39721424843422,126.53375413697681,0.4094109600340191,0.24263591541154772,0.2693730442260923,0.2478090822749267,3.1189325769431404,7.032857315547192,6.164483298538622,6.841522342125123,7.94271750785309,8.734453117421388,8.6036764627538,8.7058545803141,0.0006693551821820332,0.0003089832335416707,0.0003610370441178914,0.0003209552522581875,0.02587189946992747,0.017577918919532844,0.019000974820200446,0.0179152240359474,0.9953838094623351,0.9805517113721371,0.9850570829905827,0.9811634605742534
Amanita_bisporigera_000011_1.jpg,Amanita,19.86071335419927,75.63790957295616,47.11956223903967,54.841685697576786,0.4721003977485271,0.3001154937052831,0.3407840648653905,0.3316111071505716,2.3270539906103287,5.027672413511456,4.040034577244259,4.332251920243334,7.521675716616288,8.235069508799265,8.043911496863542,8.11403666747759,0.0037683268715735354,0.002889262954423182,0.0030741472585221388,0.0030101546612788495,0.061386699467991725,0.053751864659964885,0.055444993087943824,0.05486487638989857,0.9972417156764222,0.9895013966710071,0.9934569708521785,0.9923879188812236
Amanita_bisporigera_000026_0.jpg,Amanita,59.51272496087637,117.69601184000314,51.92843489039666,95.58954655793727,0.3580993334013556,0.2668351803163289,0.3385240645774948,0.2941622104128324,4.385077595200834,6.582646423659096,4.341208898747391,5.693323009268789,8.076126027998901,8.451017086658306,8.06914873712861,8.33896387450162,0.000783875515100592,0.0005473488693525196,0.0007893981472054635,0.0006148219276085899,0.027997776967119945,0.023395488226419202,0.02809623012443953,0.02479560298941306,0.9935700430839225,0.9872813370934471,0.9943899688783071,0.9896702555720532
Amanita_muscaria_000002_0.jpg,Amanita,35.93483307250913,151.85963519460535,114.99960855949897,141.64820096641085,0.4331874719341108,0.24172738325956025,0.2647438359891913,0.25144327127565297,3.1762649973917583,7.242393353393382,6.334342379958246,6.983337743930528,7.622963673376248,8.43909744689309,8.307015872879855,8.395505274717415,0.0014065834975304698,0.0005678455939230968,0.0006410099911902052,0.0006077194737387367,0.037504446370136835,0.023829510987913638,0.02531817511571885,0.02465196693448084,0.9910581644361763,0.9622020574623878,0.9713809355659495,0.9647436146577014
Amanita_muscaria_000003_0.jpg,Amanita,69.00333854981741,137.3366527161111,63.88239496346556,120.37300583832385,0.2970172412994426,0.23728445081840588,0.31628744164856426,0.2419133948809917,5.218870631194575,7.404020504376293,4.918870694154489,6.974434871814976,8.349176740954897,8.675695378261391,8.266623807970497,8.627712440215195,0.0004979244940714536,0.00036075402446272993,0.0005549700342949687,0.0003704711443650984,0.02231422178951024,0.018993525856531482,0.02355780198352488,0.01924762698010065,0.9817190159782725,0.9635675230256125,0.9830509147270535,0.9680677047106669
Amanita_muscaria_000004_0.jpg,Amanita,34.759255998956704,115.15865081465363,82.03583637787058,111.66075973353458,0.39134684363256805,0.2666652521079466,0.32074872722818626,0.2801576032892098,3.2598428534167967,6.304798403037105,5.251852818371608,6.1093403380151,7.8404674054243415,8.47116778303434,8.257466422517444,8.413986017955654,0.0009059303177252428,0.0005059043208997192,0.0006866712183343841,0.0005663845205956703,0.030098676345069443,0.022492316930448033,0.026204412192117266,0.023798834437754934,0.9933325751557166,0.9778963454990407,0.984263754183031,0.9785677261088718
Amanita_muscaria_000007_0.jpg,Amanita,15.585563380281691,41.978309663128385,27.71286534446764,41.37056857498505,0.661569508938178,0.5778489988700565,0.6538192957953379,0.5689034750109573,1.4435315597287428,2.413299094030665,1.844715553235908,2.4252175077838873,6.5612557813896855,6.917055987144831,6.645773280630637,6.946148947466784,0.0030093348886694265,0.002278419435292449,0.003006646622933565,0.002232125234342662,0.05485740504862973,0.04773279203328095,0.05483289726919019,0.04724537262359841,0.9926104071329389,0.9800924219706421,0.9868651494292322,0.9803806790971688
Amanita_muscaria_000007_1.jpg,Amanita,87.16754368805425,186.29315115933363,96.18694219728602,164.80299005818722,0.22974180904807648,0.17347880528624687,0.22794857803546084,0.18158410271412,6.063109676577986,9.014398149509443,6.330183324634656,8.298783655306929,8.636541315523932,9.010490730431847,8.66364821186549,8.933527150386997,0.00029406982492362354,0.00020671206067634587,0.00030167352135870444,0.00022199084234142354,0.017148464214722655,0.014377484504472467,0.017368751289563233,0.014899357111681817,0.982996308711786,0.9636756958748474,0.9812328567720211,0.9678659927213148
Amanita_muscaria_000009_0.jpg,Amanita,94.1491751434533,169.18967201492416,89.28523616910229,183.20009735984917,0.2604961401308828,0.1950325571649052,0.25484550515504173,0.20211675244359698,5.902917970787689,8.234421607352303,5.874758611691023,8.315501452229965,8.695452636046479,9.021997563094175,8.694118399872535,9.025839168817017,0.00028611340369736336,0.0002007181285405223,0.00028367745420187,0.00020477005954026346,0.016914887043588653,0.014167502551279893,0.016842727041719522,0.014309788941150162,0.9868317120400907,0.9763466236774384,0.9875188288080273,0.9743879237253883
Amanita_muscaria_000017_0.png,Amanita,50.76824791340637,114.9727065711364,66.55151683194156,111.4497208255331,0.2734875551296376,0.18858594613815055,0.22499272635322554,0.18604676916710788,4.542093766301512,7.1750517020004505,5.569438282881003,7.156935582411192,8.348142428131215,8.791104343193975,8.542110084140806,8.78680416842436,0.0003578197415027366,0.00022321630309817434,0.0002820976869462085,0.00022317461578556986,0.018916123849846634,0.014940425131105686,0.01679576395839762,0.014939029947944072,0.9890508614849448,0.9751749049020761,0.9856333917156616,0.9759353732122926
Amanita_muscaria_000018_0.jpg,Amanita,99.66669600938968,161.50711086281083,70.37876761482255,166.19202433342807,0.2521296416208869,0.20315306366679986,0.2737402308057895,0.20972214533882744,6.439296426708399,8.299776856453029,5.372928627348644,8.344350024993384,8.782441652456729,9.036829347679282,8.62811941826467,9.03851825485633,0.0002698895824642595,0.00020108585322695918,0.000296554826458654,0.00020505973059120684,0.01642831648295891,0.014180474365371534,0.017220767301681247,0.014319906794082385,0.9841638581218581,0.9743286204221643,0.988816669649331,0.9735838597356523
Amanita_muscaria_000019_1.jpg,Amanita,27.21307381324987,79.19005753379007,56.61863582985387,82.51228269641044,0.3470270667973735,0.23536916273338082,0.26999818173620055,0.22452644251055184,3.2381064162754307,5.711579614546476,4.85004240605428,5.930521659299336,7.618521227258124,8.14315284016726,7.994492479469116,8.20587793473102,0.0011066589358209185,0.0006675061088434452,0.0007541997271612722,0.000609474295585655,0.033266483670819774,0.025836139588635242,0.027462697011788047,0.024687533201712457,0.9935532379017528,0.9812508608548771,0.9865896350576172,0.9804642811784442
Amanita_muscaria_000021_0.jpg,Amanita,107.10455464267085,250.13234405271805,153.71986560542797,245.25816368869675,0.25853272156521645,0.19941303231102356,0.23105268976603294,0.19515307796317066,6.610847026604068,10.487243572779754,8.242203810020877,10.328396731584125,8.431601849828379,8.832089834536683,8.587820435133997,8.823098926678373,0.0021591312966357623,0.0018482963083507448,0.0022315101354691952,0.0018180780555152065,0.04646645345446285,0.042991816760294566,0.047238862554777876,0.04263892652864524,0.9807162298431359,0.95499493146288,0.9723197376478295,0.9558718293657888
Amanita_muscaria_000024_1.jpg,Amanita,72.97747782994261,144.14845416736094,79.16085594989562,143.25307679993207,0.2063655552837245,0.15414600376970286,0.20926539719716866,0.15795087240175965,6.008026864893062,8.473675268964753,6.0934368475991665,8.40500717130433,8.293011897052828,8.615112661589775,8.293483041918112,8.608572251024816,0.00038780502218060194,0.0002781610296939372,0.00039602663566866056,0.0002823170855776769,0.019692765732131228,0.01667816026107008,0.019900417977235064,0.016802294056993437,0.961796389128432,0.9244500941998526,0.9585558186122427,0.9249197766155663
Amanita_ocreata_000012_0.jpg,Amanita,17.35323095983307,52.222114407624126,37.90802779227558,55.49991015450159,0.3851469894334418,0.24523754952982357,0.2785557270348282,0.24828274106376175,2.6211756651017213,4.786919148852755,4.07030597599165,4.801650543483588,7.602372236232931,8.18437778778347,8.026107353597292,8.180768646041688,0.0009797113993187958,0.000538371238932568,0.0006400424668763568,0.0005541991872974755,0.0313003418402866,0.02320282825287831,0.025299060592764246,0.02354143554028674,0.9974492871123036,0.9923336210929862,0.9944319557185464,0.9918524341098175
Amanita_ocreata_000016_0.jpg,Amanita,33.23500912884715,83.20392967874517,63.182114431106484,105.45267755920818,0.361683525101473,0.24986389258381514,0.28055340020814634,0.2335933066674024,3.362617370892019,5.704868972592222,4.929393919624218,6.372499436423691,8.177200807178526,8.696616585985755,8.554707765450594,8.80249725260824,0.00047186455516921735,0.0002857512373963638,0.00033684652083930356,0.00026133856860432737,0.02172244358190895,0.016904178104727947,0.018353379003314445,0.01616596946070131,0.9955359285616545,0.9888126375953759,0.9915055889167287,0.985821102147286
Amanita_phalloides_000006_1.jpg,Amanita,47.74246218049036,130.92104050888491,87.0582365605428,129.23951829744414,0.3439277012055152,0.2510582202377306,0.28455082684896854,0.24697840315116554,4.0625912884715705,6.863408705538729,5.6625293580375775,6.953724667653333,8.224527656433121,8.712727543472578,8.535014444129395,8.73299974526538,0.0009201350941314146,0.0006603392267009304,0.000764608006141489,0.0006425417222652358,0.030333728655267796,0.0256970664999126,0.02765154617994243,0.02534840670072255,0.9951928765849357,0.986824797000886,0.9912331439135774,0.986994023750266
Amanita_phalloides_000008_1.jpg,Amanita,24.975078247261347,74.4380376436303,54.365523877870565,79.12609080602847,0.396034239696822,0.29336412053871214,0.3185337905516325,0.27712558960118905,2.9618088158581113,5.209643852444288,4.5289568110647185,5.521868394313924,7.744014816501593,8.254292696172664,8.117530396940964,8.313505061879786,0.0024356699319693733,0.0017231322203437001,0.0019358999931235728,0.0016733331096197128,0.04935250684584698,0.04151062779992252,0.0439988635435459,0.04090639448325546,0.9968362233004803,0.990573166232569,0.9931134166113513,0.9899794722359556
Amanita_phalloides_000013_1.jpg,Amanita,76.32175925925927,173.92124306964496,98.66985255741129,174.124862373032,0.6893874214331293,0.5825988785094132,0.6368027482361668,0.5728005254319045,2.301904016692749,4.532747867394578,3.146111691022965,4.608198483407987,6.166549106879868,6.600080968790234,6.407688740692421,6.638987799890789,0.01434655806419425,0.012380694529679163,0.013644064738499296,0.012297245704149314,0.11977711828306044,0.11126856937014676,0.11680781111937376,0.11089294704420707,0.9935478751474703,0.9852995720476079,0.9916589691496196,0.9852823614363774
Amanita_phalloides_000014_1.jpg,Amanita,53.74241653625457,110.93436051241335,56.395097207724426,103.13790793940166,0.4029200736373603,0.35025046733283993,0.4110036671760589,0.3559970287161751,4.0508541992696925,5.848994220484118,4.014884525052192,5.544192550337982,7.9747450606533725,8.29294590527809,7.961062068873215,8.243985032338715,0.005251936893110922,0.004734326561384321,0.0053502002227441515,0.004746808776021431,0.07247024833068341,0.06880644273165355,0.07314506287333515,0.06889708829857348,0.996294218778035,0.9923567436109362,0.9961153930253234,0.9928939188789834
Amanita_smithiana_000002_0.jpg,Amanita,55.81294340114762,174.6498965959991,116.14458833507308,157.53375413697682,0.24582172186779666,0.15626548528777717,0.18780756229523798,0.16863586024915417,4.992814293166406,8.927359097755168,7.284345641962423,8.437678261636625,8.53054541187414,9.082893653762202,8.876553842551505,9.015987464278,0.00033561040253528746,0.00020227780295620478,0.0002482796120176321,0.00021636742614341209,0.018319672555351187,0.014222440119620993,0.015756890937543233,0.014709433236648245,0.9936279193467633,0.9800706901438262,0.9867417189067155,0.9820238314401625
Amanita_verna_000011_0.jpg,Amanita,20.557524778299424,75.76761706868443,57.072834029227565,76.13965910984348,0.38441645456158935,0.24131251495010608,0.27472962449127164,0.24731141494286998,2.803214658320292,5.587671237352203,4.822377348643007,5.619901267965015,7.738971156593286,8.39261660886548,8.252911654622102,8.403137671792617,0.000761473733033161,0.0004053944490001835,0.00046881212555903554,0.00040556820573254334,0.027594813516912214,0.020134409576647225,0.021652069775405666,0.02013872403437078,0.996805937821166,0.9882292410293512,0.9911324113468654,0.9881714257268368
Amanita_verna_000013_0.jpg,Amanita,24.76130346896192,57.797991381366366,34.395788752609604,57.22185303890147,0.581990878707062,0.3738538735572851,0.414143974386193,0.37729906415723985,1.8404701356285864,3.6590608368373077,2.982257959290188,3.6293268775258833,6.315614950236666,7.102755810625815,6.948656181980995,7.085612551383463,0.004855373411236027,0.0021113638517075146,0.002356915468430609,0.002161228602203327,0.06968050955063422,0.04594957945082321,0.048548073787026906,0.04648901593068332,0.995986828887972,0.9906429596094,0.9944269917699438,0.9907362294581518
Amanita_verna_000023_0.jpg,Amanita,34.60666405842462,62.40763392696703,30.90530728079333,62.40754571502313,0.48925432196902185,0.43937600322188736,0.5363673278972986,0.4381994595095891,2.998878455920709,4.022141197918198,2.7953907881002094,4.121026787026962,7.109732346527977,7.356116024554169,6.964507347857387,7.370168633168648,0.0033799311374608865,0.002867411885865526,0.004693582292806213,0.0029054950845264268,0.058137175176137396,0.053548220193256904,0.06850972407480717,0.05390264450401693,0.986232425632068,0.9751867445682236,0.9877065342387011,0.9751867754441593
Amanita_verna_000024_1.jpg,Amanita,69.15321139801773,112.06759321878847,45.76628392484342,109.31178348215013,0.2542545405129712,0.2127167182983059,0.30179233756795554,0.21374026586722433,5.338526995305164,6.779626961490585,4.197351252609604,6.723906416928852,8.597497043648142,8.83151509412837,8.376543782833439,8.825459506831091,0.000332571009075036,0.00026100271648617544,0.0004094999440385818,0.00026289771465693877,0.018236529523871475,0.016155578494321254,0.020236104962135914,0.016214120841320345,0.9931428737158575,0.9888895133552232,0.9954645451833442,0.9891627631578244
